{
    "ih.weight": [
        [
            -0.6952494382858276,
            -1.2574867010116577,
            0.3120631277561188
        ],
        [
            1.2665369510650635,
            0.12820318341255188,
            1.4511102437973022
        ]
    ],
    "hh.weight": [
        [
            0.0214634221047163,
            0.04594748467206955,
            -0.3416014015674591
        ],
        [
            0.5135968327522278,
            0.15582232177257538,
            -0.7382121086120605
        ],
        [
            -0.4797773063182831,
            -0.12876679003238678,
            0.38168027997016907
        ]
    ],
    "fc.weight": [
        [
            0.26568248867988586,
            0.7171211242675781
        ],
        [
            -0.9935501217842102,
            -0.2896300256252289
        ],
        [
            -0.13976165652275085,
            0.4306136667728424
        ]
    ],
    "ih.bias": [
        [
            -0.021556831896305084,
            0.34914538264274597,
            -0.19228515028953552
        ]
    ],
    "hh.bias": [
        [
            0.43946585059165955,
            0.24702027440071106,
            0.05842166393995285
        ]
    ],
    "fc.bias": [
        [
            0.4623408913612366,
            0.015633050352334976
        ]
    ],
    "c0_list": [
        [
            [
                [
                    1.2294282913208008,
                    0.39305853843688965,
                    0.6503508687019348
                ]
            ]
        ],
        [
            [
                [
                    -0.11420466750860214,
                    -0.5527873039245605,
                    0.5921056866645813
                ]
            ]
        ]
    ]
}