{
    "ih.weight": [
        [
            1.5986765623092651,
            0.506499707698822,
            -0.6515419483184814
        ],
        [
            -0.1617988497018814,
            -1.270385980606079,
            -1.1895612478256226
        ]
    ],
    "hh.weight": [
        [
            0.18356463313102722,
            0.504566490650177,
            -0.539325475692749
        ],
        [
            -0.02541692554950714,
            -0.058158017694950104,
            -0.17858155071735382
        ],
        [
            -0.11750372499227524,
            -0.4248966872692108,
            0.49080127477645874
        ]
    ],
    "fc.weight": [
        [
            0.7723361849784851,
            0.19748228788375854
        ],
        [
            -0.19879764318466187,
            -0.7340858578681946
        ],
        [
            0.09730936586856842,
            -0.4173910915851593
        ]
    ],
    "ih.bias": [
        [
            -0.6200851202011108,
            -0.01839820295572281,
            0.17525973916053772
        ]
    ],
    "hh.bias": [
        [
            -0.13290561735630035,
            -0.32864344120025635,
            0.13813775777816772
        ]
    ],
    "fc.bias": [
        [
            0.45143401622772217,
            -0.008795520290732384
        ]
    ]
}