{
    "ih.weight": [
        [
            0.4878939092159271,
            -1.6138036251068115,
            0.8561035990715027,
            0.7495792508125305,
            0.7387838363647461,
            0.063661590218544,
            -0.08307814598083496,
            0.019043361768126488,
            0.35097530484199524,
            0.8952497839927673,
            -0.5355305075645447,
            0.5771419405937195,
            0.3952450454235077,
            1.2705150842666626,
            -0.48893943428993225,
            -0.02910400554537773
        ],
        [
            0.677663266658783,
            0.18185636401176453,
            -0.5331530570983887,
            0.23242327570915222,
            0.7800352573394775,
            1.455358624458313,
            0.38638922572135925,
            1.1483497619628906,
            0.8576779961585999,
            0.6644136309623718,
            0.8188707232475281,
            0.42339083552360535,
            0.11480925232172012,
            -0.4340653121471405,
            -0.0501033216714859,
            -0.38602811098098755
        ]
    ],
    "hh.weight": [
        [
            0.2321852445602417,
            -0.29045361280441284,
            -0.391335666179657,
            -0.08940490335226059,
            0.05359387397766113,
            -0.12045077234506607,
            -0.07786568254232407,
            0.43575093150138855,
            -0.37567248940467834,
            -0.35829368233680725,
            -0.3203837275505066,
            0.1092081293463707,
            -0.13523997366428375,
            -0.1398751437664032,
            -0.19963568449020386,
            -0.26280418038368225
        ],
        [
            -0.18310949206352234,
            0.8665602207183838,
            0.013791094534099102,
            0.11789822578430176,
            0.03839491680264473,
            0.15084317326545715,
            0.15437889099121094,
            -0.3005208373069763,
            0.4770875871181488,
            -0.5651023387908936,
            -0.39244961738586426,
            0.47487974166870117,
            -0.37859269976615906,
            0.16683433949947357,
            -0.16222307085990906,
            -0.08450046181678772
        ],
        [
            0.12882891297340393,
            -0.2473505586385727,
            0.22265098989009857,
            -0.4597965478897095,
            -0.21897673606872559,
            -0.2756533920764923,
            -0.5506598353385925,
            -0.18542689085006714,
            0.424157977104187,
            0.05573213845491409,
            -0.01217894908040762,
            0.2133852243423462,
            0.23042765259742737,
            -0.3693588674068451,
            0.42114439606666565,
            -0.36191216111183167
        ],
        [
            -0.06344010680913925,
            -0.02021576464176178,
            -0.31701555848121643,
            0.054899659007787704,
            0.5722264647483826,
            -0.39347127079963684,
            0.1632615476846695,
            -0.297340452671051,
            0.07349271327257156,
            0.2366981953382492,
            0.07920229434967041,
            -0.07636523991823196,
            -0.12525440752506256,
            -0.20591668784618378,
            0.8787241578102112,
            -0.2482856810092926
        ],
        [
            0.1819586455821991,
            0.19060418009757996,
            0.2683470547199249,
            -0.5146129131317139,
            0.5809303522109985,
            -0.6286734938621521,
            0.09451709687709808,
            -0.068876251578331,
            0.111265629529953,
            0.6898673176765442,
            0.3443349301815033,
            -0.31692957878112793,
            -0.026474835351109505,
            -0.1350977122783661,
            -0.22782202064990997,
            0.43978843092918396
        ],
        [
            -0.5703925490379333,
            0.13288818299770355,
            0.09191939979791641,
            -0.43413838744163513,
            -0.2871427834033966,
            0.10582036525011063,
            -0.30824708938598633,
            0.14859981834888458,
            0.08934148401021957,
            -0.30143922567367554,
            -0.03262705355882645,
            0.4810999631881714,
            0.05494289845228195,
            -0.0767897367477417,
            -0.3017302453517914,
            -0.7303518652915955
        ],
        [
            -0.36884260177612305,
            0.37909063696861267,
            0.8148181438446045,
            -0.1747497320175171,
            -0.057918451726436615,
            -0.07987680286169052,
            -0.06483706831932068,
            -0.0987909734249115,
            -0.3794615566730499,
            -0.16182266175746918,
            -0.6231245398521423,
            -0.09233949333429337,
            -0.2985249161720276,
            0.22764652967453003,
            0.36070504784584045,
            0.2955890893936157
        ],
        [
            0.4485454559326172,
            0.023938346654176712,
            0.5603960752487183,
            0.15253430604934692,
            0.9029324054718018,
            0.16210174560546875,
            0.11235599219799042,
            -0.1942872852087021,
            0.6231840252876282,
            -0.32614290714263916,
            0.1277499943971634,
            0.11666702479124069,
            -0.06515256315469742,
            0.21891793608665466,
            0.6461076736450195,
            -0.09966281801462173
        ],
        [
            -0.5486437678337097,
            0.18252579867839813,
            -0.3019215166568756,
            0.46128275990486145,
            -0.08038005977869034,
            0.014742889441549778,
            0.3956317901611328,
            0.23368817567825317,
            0.3906958997249603,
            0.19994141161441803,
            -0.16446031630039215,
            -0.3692067563533783,
            0.5707414746284485,
            0.5612697601318359,
            0.057588327676057816,
            -0.06335683166980743
        ],
        [
            -0.5561645030975342,
            -0.1953672468662262,
            -0.2650716006755829,
            0.042880989611148834,
            -0.09526965767145157,
            0.07968159019947052,
            0.2563210129737854,
            -0.3684975802898407,
            0.2671465277671814,
            0.754548966884613,
            -0.028350166976451874,
            0.2338942289352417,
            -0.46193385124206543,
            -0.3129679560661316,
            -0.2731598913669586,
            -0.3739347755908966
        ],
        [
            -0.14003753662109375,
            -0.2904635965824127,
            0.13721436262130737,
            0.10726433247327805,
            0.2730163335800171,
            0.11049599200487137,
            -0.08139976859092712,
            0.026193659752607346,
            0.13135798275470734,
            -0.11253588646650314,
            -0.09703440964221954,
            0.21094585955142975,
            0.4149685800075531,
            0.10229864716529846,
            0.07407627999782562,
            0.6392924785614014
        ],
        [
            -0.005498174112290144,
            0.022669024765491486,
            0.4526647925376892,
            0.11776375770568848,
            -0.01788155362010002,
            0.7167640328407288,
            -0.2533149719238281,
            -0.003252245020121336,
            -0.02227928303182125,
            -0.17909559607505798,
            0.577390730381012,
            -0.06760964542627335,
            -0.1672412008047104,
            -0.3944168984889984,
            0.21530848741531372,
            0.3369825780391693
        ],
        [
            0.008622821420431137,
            0.17461541295051575,
            -0.18316304683685303,
            0.594939112663269,
            -0.031185556203126907,
            -0.15317533910274506,
            -0.3996005356311798,
